id,name,category,address,phone,email,rating,reviews,hook,specialties,review_quotes
"1","Saigon Charming Beauty Salon","Beauty Salon","Elite Business Center, 2nd Floor, Al Barsha 1, Dubai, UAE","+971 4 395 1234","saigoncharming@gmail.com","4.8","150","Expert Vietnamese beauty techniques in the heart of Al Barsha. Known for relaxing hair washes and precision nail art.","Vietnamese Hair Care; Nail Art; Facial Treatments","The best Vietnamese hair wash in Dubai! So relaxing.; Professional staff and very clean salon. Highly recommend for nails.; Saigon Charming truly lives up to its name. A hidden gem in Al Barsha."
"2","Lady Star Beauty Salon","Beauty Salon","409 Rania Business Center, Al Barsha 1, Dubai, UAE","+971 4 399 0000","ladystarbeeutysalon@gmail.com","4.5","85","A dedicated ladies-only sanctuary known for traditional henna and expert threading services.","Ladies Only; Threading; Henna Design; Hair Styling","The threading service is quick and perfect every time.; Amazing henna designs for weddings and special occasions.; Very friendly atmosphere and reasonable prices."
"3","Al Barsha Therapy Center","Wellness & Therapy","22nd St, Al Barsha 1, Dubai, UAE","+971 50 436 3188","albarshacenter@gmail.com","4.5","110","Holistic recovery and wellness specialists. Your neighborhood destination for pain management and physical health.","Physical Therapy; Osteopathy; Chiropractic Care","Recovered from my back pain thanks to their amazing therapists.; Very professional and knowledgeable. They explain everything clearly.; The best chiropractic care I've received in Dubai."
"4","Wellheal Wellness Clinic","Beauty & Spa","Al Barsha 3, Dubai, UAE","+971 4 355 4449","connect@bwell-clinics.com","5.0","150","A 5-star rated holistic wellness haven. Combining ancient wisdom with modern therapeutic techniques.","Therapeutic Massage; Nutritional Guidance; Holistic Wellness","Pure bliss! The therapeutic massage is exactly what I needed.; A truly holistic approach to health. Five stars for everything.; The atmosphere is so peaceful and the staff are incredibly skilled."
"5","SG Auto Repair","Auto Repair","Grey Square, Showroom 2, Umm Suqeim Road, Al Barsha 2, Dubai, UAE","+971 56 877 8354","sgautorepair45@gmail.com","4.2","60","Precision auto care on Umm Suqeim Road. Reliable, honest, and expert mechanical services for all makes.","General Maintenance; Engine Diagnostics; AC Repair","Honest mechanics and very fast service. Fixed my AC perfectly.; Fair pricing and they don't suggest unnecessary repairs.; Reliable garage in Al Barsha. My car runs like new."
"6","Urban Hub Pet Grooming","Pet Care","Diamond Business Centre 1, Al Barsha South, Dubai, UAE","+971 50 344 8567","urbanhubpet@gmail.com","4.7","222","The ultimate destination for your furry friends. High-standard grooming and boarding with 200+ five-star reviews.","Pet Grooming; Boarding; Pet Supplies","My dog loves it here! They are so gentle and the grooming is top-notch.; Cleanest boarding facility I've seen in Dubai. Highly trust them.; The grooming team is amazing with even the most nervous pets."
"7","Gromo Pets","Pet Care","Al Sufouh 2, Adjacent to Al Barsha, Dubai, UAE","+971 54 344 8567","info@gromopets.com","4.8","25","Professional pet care focused on gentle handling and high-quality grooming products.","Mobile Grooming; In-Store Grooming; Dental Care","Excellent service and very professional groomers. My cat looks great.; They really take their time and ensure the pet is comfortable.; High quality products and great attention to detail."
"8","Al Barsha Star Auto General Repairing","Auto Repair","Al Quoz Industrial Area 2 (Serves Al Barsha), Dubai, UAE","+971 52 288 1144","albarsha.agr@gmail.com","3.6","178","High-capacity general repair specialist serving Al Barsha with a focus on value and technical expertise.","General Repair; Body Shop; Electrical Work","Good service for general repairs. They were able to fix a complex electrical issue.; Large garage with lots of capacity. Prices are competitive.; Been taking my car here for years for the annual service."
"9","Houston Medical Clinic","Health","Elite Business Center, Al Barsha 1, Dubai, UAE","+971 4 385 0603","operations.houstonclinic@gmail.com","4.6","75","Modern multi-specialty healthcare in Al Barsha 1. Trusted for dermatology and advanced dental care.","Dermatology; Dental; General Practice","The dentists are very skilled and the clinic is very modern.; Great experience with the dermatology department. Very helpful staff.; A trusted neighborhood clinic with a personal touch."
"10","Ayur Care Ayurvedic Wellness","Beauty & Spa","Al Barsha 3, Dubai, UAE","+971 4 280 9417","ayurcare@emirates.net.ae","4.1","40","Authentic Ayurvedic healing in Dubai. Rebalance your body and mind with traditional Indian wellness.","Ayurvedic Massage; Traditional Healing; Detox","Authentic Ayurvedic treatments. I felt rejuvenated after the session.; Very traditional and effective methods for stress relief.; Excellent practitioners who really understand the ancient techniques."